company_id,name,sector_larridin,in_larridin,ticker,cik,gics_sector,in_sp500,match_method,ticker_dup,share_class_dup
2c7142c3-375f-4a8a-b0a6-3052ddc0366b,3M,industrials,True,MMM,0000066740,Industrials,True,sp500_exact,False,False
ee03d7bf-0eba-4792-9926-f05b8b4b3dd6,A. O. Smith,industrials,True,AOS,0000091142,Industrials,True,sp500_exact,False,False
89d3e9cf-d173-4568-9022-d97729b680e5,AES Corporation,utilities,True,AES,0000874761,Utilities,True,sp500_exact,False,False
1fcfcb0e-18f9-4acf-8441-e1e1a4d835f1,AMD,technology,True,AMD,0000002488,Information Technology,True,manual,True,False
7dc4ae61-bcb5-4577-8aa6-d5fc23785ea9,APA Corporation,energy,True,APA,0001841666,Energy,True,sp500_exact,False,False
5cd0cbf6-07a8-41dd-af82-969f35b203ea,AT&T,communication-services,True,T,0000732717,Communication Services,True,sp500_exact,False,False
76a5b37c-4924-4d0c-9f29-0ca1f10f0d69,AbbVie,healthcare,True,ABBV,0001551152,Health Care,True,sp500_exact,False,False
6abebb2d-a379-4252-bd7e-73d0fc962296,Abbott Laboratories,healthcare,True,ABT,0000001800,Health Care,True,sp500_exact,False,False
a3964bb1-67c7-4c4d-a888-24f3955c92c8,Accenture,technology,True,ACN,0001467373,Information Technology,True,sp500_exact,False,False
e0ef13e3-5f2e-48d4-8ea2-c1d083bfceac,Adobe Inc.,technology,True,ADBE,0000796343,Information Technology,True,sp500_exact,False,False
dfa11c00-b625-4b80-b59a-8690ff1dcb5c,Advanced Micro Devices,technology,True,AMD,0000002488,Information Technology,True,sp500_exact,True,True
f1908110-b3c4-431f-a194-9944740bf969,Aflac,financials,True,AFL,0000004977,Financials,True,sp500_exact,False,False
74ca5ddf-399d-4873-8498-20440850e4bd,Agilent Technologies,healthcare,True,A,0001090872,Health Care,True,sp500_exact,False,False
957a4292-8d06-4e0e-b541-4645a721e84f,Air Products,materials,True,APD,0000002969,Materials,True,sp500_exact,False,False
c57227ed-f32b-4374-859f-a9e1fbd68edf,Airbnb,consumer-discretionary,True,ABNB,0001559720,Consumer Discretionary,True,sp500_exact,False,False
b4980b30-962a-462f-9628-633a8947d848,Akamai Technologies,technology,True,AKAM,0001086222,Information Technology,True,sp500_exact,False,False
03f2417d-afc9-4485-8a00-1b68e84b0aa5,Albemarle Corporation,materials,True,ALB,0000915913,Materials,True,sp500_exact,False,False
a1dce802-0793-4955-bc62-b47bebca49d0,Albertsons,retail,True,ACI,0001646972,,False,manual,False,False
62f629ea-96e3-47f2-8317-d0aa3ac8b1fa,Aldi,retail,True,,,,False,private:private,False,False
7b23242f-32b7-4ccc-a27d-310f3b3bf73b,Alexandria Real Estate Equities,real-estate,True,ARE,0001035443,Real Estate,True,sp500_exact,False,False
7d00744e-17ea-4230-9efb-ee3788e6f5f6,Align Technology,healthcare,True,ALGN,0001097149,Health Care,True,sp500_exact,False,False
2b44d2d3-9234-4d49-a0d4-2fba0b04c66d,Allegion,industrials,True,ALLE,0001579241,Industrials,True,sp500_exact,False,False
1acb3776-fc78-42f4-bfbd-1cac576ec51c,Alliant Energy,utilities,True,LNT,0000352541,Utilities,True,sp500_exact,False,False
2beaded4-afef-497b-a989-49eb9016565d,Allstate,financials,True,ALL,0000899051,Financials,True,sp500_exact,False,False
a0d22e79-9c19-4b1a-9d38-43bb71eaa91e,Alphabet Inc.,communication-services,True,GOOGL,0001652044,Communication Services,True,manual,False,False
a6b62a63-149e-4dc1-ab76-2ebbc1146bf2,Altria,consumer-staples,True,MO,0000764180,Consumer Staples,True,sp500_exact,False,False
3e84b14c-2bfa-48fd-8add-02a215dcc1fc,Amazon,consumer-discretionary,True,AMZN,0001018724,Consumer Discretionary,True,sp500_exact,False,False
6c1ae23c-e971-4ef0-a48a-4069e7d49c04,Amcor,materials,True,AMCR,0001748790,Materials,True,sp500_exact,False,False
044ee7f9-4e83-4240-8e09-c8ef7479fe41,Ameren,utilities,True,AEE,0001002910,Utilities,True,sp500_exact,False,False
92466450-6c46-41e2-906c-1200e449e185,American Electric Power,utilities,True,AEP,0000004904,Utilities,True,sp500_exact,False,False
408be03e-e0ad-49e4-916b-0e87b6b7b90b,American Express,financials,True,AXP,0000004962,Financials,True,sp500_exact,False,False
e667ea94-2e50-4b98-bc7a-9104ff825d9d,American International Group,financials,True,AIG,0000005272,Financials,True,sp500_exact,False,False
64b3f688-a6c7-4825-a1a5-c620349bbf47,American Tower,real-estate,True,AMT,0001053507,Real Estate,True,sp500_exact,False,False
c20a306e-7c72-463b-9c06-815c7914b473,American Water Works,utilities,True,AWK,0001410636,Utilities,True,sp500_exact,False,False
3411f7df-f4fb-4861-b1e4-d6e43267f49a,Ameriprise Financial,financials,True,AMP,0000820027,Financials,True,sp500_exact,False,False
c381fa3f-bbb3-4def-9265-a67f0c1a062c,Ametek,industrials,True,AME,0001037868,Industrials,True,sp500_exact,False,False
8461dffc-6e85-4dfa-8d67-7f9aac429c25,Amgen,healthcare,True,AMGN,0000318154,Health Care,True,sp500_exact,False,False
8b2f6a13-d683-471d-8f4f-34f7963c7f88,Amphenol,technology,True,APH,0000820313,Information Technology,True,sp500_exact,False,False
359ae77d-340c-426b-abed-a0223088f4fe,Analog Devices,technology,True,ADI,0000006281,Information Technology,True,sp500_exact,False,False
460b4672-c68c-46b5-a24c-a597eb22a68c,Aon plc,financials,True,AON,0000315293,Financials,True,sp500_exact,False,False
14483033-bcbf-4fc5-9ba8-93b9a6716fd8,Apollo Global Management,financials,True,APO,0001858681,Financials,True,sp500_exact,False,False
8054c775-079c-47a4-82a5-0e5fdea9eeaa,Apple Inc.,technology,True,AAPL,0000320193,Information Technology,True,sp500_exact,False,False
3c82a1e6-501c-43ab-98ba-3b02ec32f984,Applied Materials,technology,True,AMAT,0000006951,Information Technology,True,sp500_exact,False,False
904e7a71-f1d4-4a30-acef-3cf59ec4e2a4,Aptiv,consumer-discretionary,True,APTV,0001521332,Consumer Discretionary,True,sp500_exact,False,False
b7c1b63d-5f7d-414d-a9e8-5e12d1d498e8,Arch Capital Group,financials,True,ACGL,0000947484,Financials,True,sp500_exact,False,False
218eaa42-34f0-423e-ac08-af040bf2d055,Archer Daniels Midland,consumer-staples,True,ADM,0000007084,Consumer Staples,True,sp500_exact,False,False
a44cbd3b-c19f-41c5-8dac-3d2e9163705a,Arista Networks,technology,True,ANET,0001596532,Information Technology,True,sp500_exact,False,False
4ad574fd-e64c-4cca-958e-d644a97137a4,Arthur J. Gallagher & Co.,financials,True,AJG,0000354190,Financials,True,sp500_exact,False,False
82e77763-7484-480b-a429-dd1a267e1a9c,Assurant,financials,True,AIZ,0001267238,Financials,True,sp500_exact,False,False
5ae5e220-7d6c-4df2-a10d-6b89bb627959,Atmos Energy,utilities,True,ATO,0000731802,Utilities,True,sp500_exact,False,False
6a61538b-10ac-4773-9617-8da8edd66451,AutoZone,consumer-discretionary,True,AZO,0000866787,Consumer Discretionary,True,sp500_exact,False,False
eae44fce-dd0f-4fc7-a2b7-f1fb50c66e1e,Autodesk,technology,True,ADSK,0000769397,Information Technology,True,sp500_exact,False,False
eaafdecc-32b3-4d8c-ba24-60bed7504b65,Automatic Data Processing,industrials,True,ADP,0000008670,Industrials,True,sp500_exact,False,False
9269d80c-6178-4ab6-8b61-7c789fc12dfc,AvalonBay Communities,real-estate,True,AVB,0000915912,Real Estate,True,sp500_exact,False,False
e8bed135-3252-401b-93f9-c8675138ee6d,Avery Dennison,materials,True,AVY,0000008818,Materials,True,sp500_exact,False,False
e7f6d7a9-70cc-4694-b52e-a64327dbe3b2,Axon Enterprise,industrials,True,AXON,0001069183,Industrials,True,sp500_exact,False,False
cded1d0b-6901-4d05-8313-42d50facd432,BJ's Wholesale,retail,True,BJ,0001531152,,False,manual,False,False
7b82245e-0661-4c82-9003-c0145f08e51b,BNY Mellon,financials,True,BNY,0001390777,Financials,True,sp500_exact,False,False
dc63128d-ba0d-46f4-8677-a855ee70d0ee,BXP Inc.,real-estate,True,BXP,0001037540,Real Estate,True,sp500_exact,False,False
b70cd6ec-8e44-49ac-b321-fffc99e3a5c0,Baker Hughes,energy,True,BKR,0001701605,Energy,True,sp500_exact,False,False
fc0e5d5b-c919-4116-97d1-d74d6a57e130,Ball Corporation,materials,True,BALL,0000009389,Materials,True,sp500_exact,False,False
76caad14-1701-482e-94fa-0a7cffc6f22b,Bank of America,financials,True,BAC,0000070858,Financials,True,sp500_exact,False,False
39e62058-12a7-458d-aafe-68e4d9a20924,Baxter International,healthcare,True,BAX,0000010456,Health Care,True,sp500_exact,False,False
bdf65219-0eb0-4329-a55c-0eda0f1f85d7,Becton Dickinson,healthcare,True,BDX,0000010795,Health Care,True,sp500_exact,False,False
46806049-2f60-480c-a186-810f62d22160,Bed Bath & Beyond,retail,True,BBBY,0001130713,,False,sec_exact,False,False
b93b8f2c-2887-4aba-978c-5bb571531f35,Berkshire Hathaway,financials,True,BRK.B,0001067983,Financials,True,sp500_exact,False,False
8b2323f9-a64b-41a7-9836-5cda92226956,Best Buy,consumer-discretionary,True,BBY,0000764478,Consumer Discretionary,True,sp500_exact,False,False
68671d8f-cf54-43e7-b8a5-cb1c70cdc891,Big Lots,retail,True,,,,False,private:private (post-bankruptcy),False,False
9da44ee0-84a4-4893-9b64-b9cc5a643646,Bio-Techne,healthcare,True,TECH,0000842023,Health Care,True,sp500_exact,False,False
1d5a65eb-6d0b-4732-9757-834286fa1333,Biogen,healthcare,True,BIIB,0000875045,Health Care,True,sp500_exact,False,False
7b91b0fa-4813-4b47-99d1-299569105349,BlackRock,financials,True,BLK,0002012383,Financials,True,sp500_exact,False,False
f845a8a4-9558-4c82-9300-b6042fab0ea9,Blackstone Inc.,financials,True,BX,0001393818,Financials,True,sp500_exact,False,False
4a11c8e2-5913-48dd-b8ee-101194d358ef,Block Inc.,financials,True,XYZ,0001512673,Financials,True,sp500_exact,False,False
e556e134-919e-480f-af5a-8807177aca06,Boeing,industrials,True,BA,0000012927,Industrials,True,sp500_exact,False,False
ff1cb2cf-0a52-4f91-af77-aa9b52b20ba5,Booking Holdings,consumer-discretionary,True,BKNG,0001075531,Consumer Discretionary,True,sp500_exact,False,False
82b1ca59-21a4-402a-9db0-154aad2ad650,Boston Scientific,healthcare,True,BSX,0000885725,Health Care,True,sp500_exact,False,False
9d55b8e7-a298-41c2-a322-1cee65da2f0d,Bristol Myers Squibb,healthcare,True,BMY,0000014272,Health Care,True,sp500_exact,False,False
7a31cebf-e921-4be6-b6c5-6900c2581407,Broadcom,technology,True,AVGO,0001730168,Information Technology,True,sp500_exact,False,False
21bdad04-5676-4a4c-b429-13eafac909fa,Broadridge Financial Solutions,industrials,True,BR,0001383312,Industrials,True,sp500_exact,False,False
def58c30-10e0-455b-9541-ec7614c49fb2,Brown & Brown,financials,True,BRO,0000079282,Financials,True,sp500_exact,False,False
acc09adf-9792-469d-b579-18199c49fa14,Brown-Forman,consumer-staples,True,BF-A,0000014693,,False,sec_exact,False,False
44481cf3-8b2c-44be-9a00-9923029c35bc,Builders FirstSource,industrials,True,BLDR,0001316835,Industrials,True,sp500_exact,False,False
93806bbd-ae31-4631-be8e-8db1c7f79941,Bunge Global,consumer-staples,True,BG,0001996862,Consumer Staples,True,sp500_exact,False,False
c2889e5b-0b5e-45be-b9f0-02ff67ffd95d,Burlington,retail,True,BURL,0001579298,,False,manual,False,False
73d28cb1-de5e-4332-9261-c78fa00c3ef4,C.H. Robinson,industrials,True,CHRW,0001043277,Industrials,True,sp500_exact,False,False
52131b92-921c-4b80-8eb5-886a7a42695d,CBRE Group,real-estate,True,CBRE,0001138118,Real Estate,True,sp500_exact,False,False
650da6d4-bf69-47d9-a01a-c03e61230560,CDW Corporation,technology,True,CDW,0001402057,Information Technology,True,sp500_exact,False,False
7946b858-c722-42db-8d20-d118848d70ce,CF Industries,materials,True,CF,0001324404,Materials,True,sp500_exact,False,False
e83de074-d1de-4ddc-bf8c-cc285f789962,CME Group,financials,True,CME,0001156375,Financials,True,sp500_exact,False,False
3c801c7d-0ff8-4f70-b094-112a050ed7a3,CMS Energy,utilities,True,CMS,0000811156,Utilities,True,sp500_exact,False,False
8f7503dd-8459-4fce-910d-c367e9d709d7,CSX Corporation,industrials,True,CSX,0000277948,Industrials,True,sp500_exact,False,False
ff61aec6-9743-4a3a-934e-83b27819971c,CVS Health,healthcare,True,CVS,0000064803,Health Care,True,sp500_exact,False,False
64fdcbfc-a2bf-48fe-a3fc-9146ec0b2dd5,Cadence Design Systems,technology,True,CDNS,0000813672,Information Technology,True,sp500_exact,False,False
60bc305b-eeec-48fb-bfe9-941873a85e81,Caesars Entertainment,consumer-discretionary,True,CZR,0001590895,,False,sec_exact,False,False
65d17f48-1822-45fb-8b8b-91d4975db5ca,Camden Property Trust,real-estate,True,CPT,0000906345,Real Estate,True,sp500_exact,False,False
9bbed7b1-377e-4659-a89b-19fadca9894f,Campbell Company,consumer-staples,True,CPB,0000016732,Consumer Staples,True,manual,False,False
2209fbff-af05-455d-adba-1ea32b639740,Capital One,financials,True,COF,0000927628,Financials,True,sp500_exact,False,False
468b816d-e1bb-42ab-b29f-d6ff454d9083,CarMax,consumer-discretionary,True,KMX,0001170010,,False,sec_exact,False,False
8569d52b-bc36-42e8-b5ae-29e7f769fb4d,Cardinal Health,healthcare,True,CAH,0000721371,Health Care,True,sp500_exact,False,False
a0495dd5-e4c6-48b1-9487-ff8ba766b44c,Carnival,consumer-discretionary,True,CCL,0000815097,Consumer Discretionary,True,sp500_exact,False,False
822af058-0e33-42bc-8acd-d885e02f3c79,Carrier Global,industrials,True,CARR,0001783180,Industrials,True,sp500_exact,False,False
ad01bde1-aade-4d8a-9952-e1d4b2e24e05,Caterpillar Inc.,industrials,True,CAT,0000018230,Industrials,True,sp500_exact,False,False
3e8c8ad0-fb30-4846-b8c3-8ebd8c755dcb,Cboe Global Markets,financials,True,CBOE,0001374310,Financials,True,sp500_exact,False,False
16638aeb-24fc-44e2-88ed-48dbfd8c8b25,Cencora,healthcare,True,COR,0001140859,Health Care,True,sp500_exact,False,False
cd2e212d-68c9-40b1-a07d-8e1b71ba0c98,Centene Corporation,healthcare,True,CNC,0001071739,Health Care,True,sp500_exact,False,False
81bae1bc-d5f8-438b-bc2e-4ac72d36cd9d,CenterPoint Energy,utilities,True,CNP,0001130310,Utilities,True,sp500_exact,False,False
bceb66df-603f-4e47-bbab-03dc9d04a15a,Charles River Laboratories,healthcare,True,CRL,0001100682,Health Care,True,sp500_exact,False,False
42ef2378-d553-4682-8601-a8f40729cc7c,Charles Schwab Corporation,financials,True,SCHW,0000316709,Financials,True,sp500_exact,False,False
2d318a38-7324-40a2-96ce-8d5fa2300b17,Charter Communications,communication-services,True,CHTR,0001091667,Communication Services,True,sp500_exact,False,False
1e39a5ab-3f2b-491f-896d-988fcd6c0b21,Chevron Corporation,energy,True,CVX,0000093410,Energy,True,sp500_exact,False,False
36cd3d2f-5388-4db9-87c4-988fd8e2ab4a,Chewy,retail,True,CHWY,0001766502,,False,sec_exact,False,False
3e4a0776-55d1-4119-8ccf-933edfec9c8c,Chipotle Mexican Grill,consumer-discretionary,True,CMG,0001058090,Consumer Discretionary,True,sp500_exact,False,False
e4f447b7-ab6e-4b4f-abf9-86800bc2ac2f,Chubb Limited,financials,True,CB,0000896159,Financials,True,sp500_exact,False,False
69424cc4-d099-4510-91e2-ad6d2874f598,Church & Dwight,consumer-staples,True,CHD,0000313927,Consumer Staples,True,sp500_exact,False,False
91a19ef7-a319-47fc-8871-0101ac00cb8a,Cigna,healthcare,True,CI,0001739940,Health Care,True,sp500_exact,False,False
776096f6-552d-4b90-957a-3d061cbe9488,Cincinnati Financial,financials,True,CINF,0000020286,Financials,True,sp500_exact,False,False
9fd56796-e5ae-416f-8e06-c905fca2181d,Cintas,industrials,True,CTAS,0000723254,Industrials,True,sp500_exact,False,False
fe1f4528-d9b5-4118-98ab-0f108626d0df,Cisco,technology,True,CSCO,0000858877,Information Technology,True,sp500_exact,True,False
042b4b9e-e517-4ff5-91a5-a707d73f2a8d,Cisco Systems,technology,True,CSCO,0000858877,,False,sec_exact,True,True
fbf4017a-3be4-45ec-936a-59fcee23c2b0,Citigroup,financials,True,C,0000831001,Financials,True,sp500_exact,False,False
23e81563-8a89-464a-b9e6-47d28acb2de1,Citizens Financial Group,financials,True,CFG,0000759944,Financials,True,sp500_exact,False,False
76062444-8bf5-4d2b-b6b3-9d967de24582,Clorox,consumer-staples,True,CLX,0000021076,Consumer Staples,True,sp500_exact,False,False
066d7aff-21fc-4c30-987c-c319877bd819,CoStar Group,real-estate,True,CSGP,0001057352,Real Estate,True,sp500_exact,False,False
8bc081d7-8d9a-4973-a172-cdc10b9c0a60,Coca-Cola Company,consumer-staples,True,KO,0000021344,Consumer Staples,True,sp500_exact,False,False
5b669081-291a-48c0-b98f-2320d8fcb148,Cognizant,technology,True,CTSH,0001058290,Information Technology,True,sp500_exact,False,False
46701d1b-be03-411c-b5ce-bbc7dcf8e03b,Coinbase,financials,True,COIN,0001679788,Financials,True,sp500_exact,False,False
e062a84e-aee3-47db-a0ab-7a0447bf3e2a,Colgate-Palmolive,consumer-staples,True,CL,0000021665,Consumer Staples,True,sp500_exact,False,False
442640af-47de-4a08-817f-8f7bd9985ecf,Comcast,communication-services,True,CMCSA,0001166691,Communication Services,True,sp500_exact,False,False
c1ba27cb-adf5-4b72-9474-335a5fa9f311,Conagra Brands,consumer-staples,True,CAG,0000023217,Consumer Staples,True,sp500_exact,False,False
337070b8-70bf-4b29-9988-3b35af0a744e,ConocoPhillips,energy,True,COP,0001163165,Energy,True,sp500_exact,False,False
c9b69fc5-f677-4aef-aba7-38b4aedfab84,Consolidated Edison,utilities,True,ED,0001047862,Utilities,True,sp500_exact,False,False
719cd16d-7ac9-4f52-9849-f818f324a0ff,Constellation Brands,consumer-staples,True,STZ,0000016918,Consumer Staples,True,sp500_exact,False,False
28c589e0-0053-47f0-8408-eba6a603303c,Constellation Energy,utilities,True,CEG,0001868275,Utilities,True,sp500_exact,False,False
f78bfd12-afe9-4d16-a971-7b915644ee37,Cooper Companies,healthcare,True,COO,0000711404,Health Care,True,sp500_exact,False,False
347f8ef4-c169-4c0c-8f35-3bfe039e19e2,Copart,industrials,True,CPRT,0000900075,Industrials,True,sp500_exact,False,False
2772e569-90bb-4b9c-96e1-09d40e52f905,Corning Inc.,technology,True,GLW,0000024741,Information Technology,True,sp500_exact,False,False
93e294fb-d0f5-4657-aa78-34a979e4b36e,Corpay,financials,True,CPAY,0001175454,Financials,True,sp500_exact,False,False
e3629294-cde3-428a-b331-6faa5092fb81,Corteva,materials,True,CTVA,0001755672,Materials,True,sp500_exact,False,False
50ecfce2-57bf-4444-b842-5fff07aa8ac3,Costco,consumer-staples,True,COST,0000909832,Consumer Staples,True,sp500_exact,False,False
14ce9510-4521-4ed7-bcfa-7d39ddfad1ce,Coterra,energy,True,CTRA,,,False,manual,False,False
74d4b8bc-5f43-4131-9e7e-f935fc5b1e15,CrowdStrike,technology,True,CRWD,0001535527,Information Technology,True,sp500_exact,False,False
30fd644d-4d70-4168-b676-6b6d14380f76,Crown Castle,real-estate,True,CCI,0001051470,Real Estate,True,sp500_exact,False,False
b7e9e244-fe7e-41e7-8410-4314286fc82f,Cummins,industrials,True,CMI,0000026172,Industrials,True,sp500_exact,False,False
cd8096f3-ca6c-46b4-8882-5c4989ada80c,D.R. Horton,consumer-discretionary,True,DHI,0000882184,Consumer Discretionary,True,sp500_exact,False,False
0d3a87b4-2637-470b-a9b9-495021a71c7a,DTE Energy,utilities,True,DTE,0000936340,Utilities,True,sp500_exact,False,False
959cc476-558d-4742-829a-09a3db30e107,DaVita,healthcare,True,DVA,0000927066,Health Care,True,sp500_exact,False,False
ce848609-53ca-4c66-9775-4aab5396aa63,Danaher Corporation,healthcare,True,DHR,0000313616,Health Care,True,sp500_exact,False,False
7305d7f9-26f1-4fa8-ac00-702072e045cd,Darden Restaurants,consumer-discretionary,True,DRI,0000940944,Consumer Discretionary,True,sp500_exact,False,False
99c36ef0-e057-4928-928d-bbb32ac406d7,Datadog,technology,True,DDOG,0001561550,Information Technology,True,sp500_exact,False,False
12cd625c-6b93-4153-b6b7-8e7c18c3250d,Dayforce,industrials,True,DAY,,,False,manual,False,False
9240b7c3-78ed-403d-b2d4-8e3b01a3bb57,Deckers Brands,consumer-discretionary,True,DECK,0000910521,Consumer Discretionary,True,sp500_exact,False,False
4d3f9246-2df6-477d-b0ae-2172375e8dac,Deere & Company,industrials,True,DE,0000315189,Industrials,True,sp500_exact,False,False
cbb7a628-cf65-447e-b2f9-e4a34495a29b,Dell Technologies,technology,True,DELL,0001571996,Information Technology,True,sp500_exact,False,False
eeaa1a2b-e897-402d-a1d6-e5c93ae32c02,Delta Air Lines,industrials,True,DAL,0000027904,Industrials,True,sp500_exact,False,False
cdeb0766-2adb-433d-bc08-abde9360bb73,Devon Energy,energy,True,DVN,0001090012,Energy,True,sp500_exact,False,False
0f758038-4e9c-41fd-8b53-aab7de983d20,Dexcom,healthcare,True,DXCM,0001093557,Health Care,True,sp500_exact,False,False
d2680923-0b26-4919-9b60-58f71e1be882,Diamondback Energy,energy,True,FANG,0001539838,Energy,True,sp500_exact,False,False
8a1228eb-ac66-4d2a-bbf5-b8d08fc670d3,Dick's Sporting Goods,retail,True,DKS,0001089063,,False,sec_exact,False,False
216e50a4-5dae-48ea-9050-c6fc3886e87c,Digital Realty,real-estate,True,DLR,0001297996,Real Estate,True,sp500_exact,False,False
734140f0-466f-4f02-b32e-62bf4fbb520f,Dillard's,retail,True,DDS,0000028917,,False,sec_exact,False,False
dfe74aca-9829-4860-b52c-ddcf9abd46b6,Dollar General,consumer-staples,True,DG,0000029534,Consumer Staples,True,sp500_exact,False,False
0adb0389-15ac-4d96-9900-37b4709f0c9e,Dollar Tree,consumer-staples,True,DLTR,0000935703,Consumer Staples,True,sp500_exact,False,False
0487c8ce-9ba8-4239-b992-b053ec5d4376,Dominion Energy,utilities,True,D,0000715957,Utilities,True,sp500_exact,False,False
a8431ca4-b4dc-4f42-ab08-f1fb4abf69d0,Dominos,consumer-discretionary,True,DPZ,0001286681,Consumer Discretionary,True,sp500_fuzzy:domino s,False,False
2b86318d-70b4-410d-9ca4-c65c5cff7c3d,DoorDash,consumer-discretionary,True,DASH,0001792789,Consumer Discretionary,True,sp500_exact,False,False
5a17a59a-b21f-43da-94d1-e98230d441c2,Dover Corporation,industrials,True,DOV,0000029905,Industrials,True,sp500_exact,False,False
a01baebe-c849-499d-80b1-0f51322db77a,Dow Inc.,materials,True,DOW,0001751788,Materials,True,sp500_exact,False,False
59abeb43-034a-490d-bdc9-35fa3343085c,DuPont,materials,True,DD,0001666700,Materials,True,sp500_exact,False,False
3ffc2e3e-9c63-4333-9ed2-c7fec41aa12c,Duke Energy,utilities,True,DUK,0001326160,Utilities,True,sp500_exact,False,False
74343756-e2e4-4b60-a284-616d8dfcee7d,EOG Resources,energy,True,EOG,0000821189,Energy,True,sp500_exact,False,False
23c70cb2-b453-4469-9994-72394413d1dd,EPAM Systems,technology,True,EPAM,0001352010,,False,sec_exact,False,False
5ce6ed24-a4c9-45d7-8512-cc7b93ec2265,EQT Corporation,energy,True,EQT,0000033213,Energy,True,sp500_exact,False,False
ede5905d-ad94-462b-a264-d5e2e123e6a8,Eastman Chemical Company,materials,True,EMN,0000915389,,False,sec_exact,False,False
4536c060-b35e-4bb1-afde-d44921feb6e4,Eaton Corporation,industrials,True,ETN,0001551182,Industrials,True,sp500_exact,False,False
96b40f81-036c-46ce-9277-ccf079913af7,Ecolab,materials,True,ECL,0000031462,Materials,True,sp500_exact,False,False
f66c8c87-26f2-4fb2-baac-eb399138fde1,Edison International,utilities,True,EIX,0000827052,Utilities,True,sp500_exact,False,False
d290daed-7aaf-4e20-8222-14698f4bdad7,Edwards Lifesciences,healthcare,True,EW,0001099800,Health Care,True,sp500_exact,False,False
e6842fa5-568f-4f4a-8936-56de0a983c00,Electronic Arts,communication-services,True,EA,0000712515,Communication Services,True,sp500_exact,False,False
1c4fab1a-18bd-4eaa-baf3-646b0f22a2e5,Elevance Health,healthcare,True,ELV,0001156039,Health Care,True,sp500_exact,False,False
c20d2fc8-8365-44c8-8b8c-16dde3cf1b7e,Eli Lilly,healthcare,True,LLY,0000059478,Health Care,True,manual,False,False
19bb4428-8545-43aa-959d-d4955f714939,Emerson Electric,industrials,True,EMR,0000032604,Industrials,True,sp500_exact,False,False
a125d74e-26b2-4c96-889b-54a2bc2fc40a,Enphase Energy,technology,True,ENPH,0001463101,,False,sec_exact,False,False
6301ea73-fe29-4bb5-89e3-2efcd7b2772a,Entergy,utilities,True,ETR,0000065984,Utilities,True,sp500_exact,False,False
8f73ac0d-5fb4-4c46-917b-1f1752e41ef8,Equifax,industrials,True,EFX,0000033185,Industrials,True,sp500_exact,False,False
bc7323dd-2b42-46f9-be31-44c56b0dffec,Equinix,real-estate,True,EQIX,0001101239,Real Estate,True,sp500_exact,False,False
7e6f0cbd-09ba-4dac-8cd1-8f1b58058ed1,Equity Residential,real-estate,True,EQR,0000906107,Real Estate,True,sp500_exact,False,False
68cf014e-8957-46c4-b286-0ac66910de7a,Erie Indemnity,financials,True,ERIE,0000922621,Financials,True,sp500_exact,False,False
e8c7b052-ba27-46dc-8190-0d95ec39baba,Essex Property Trust,real-estate,True,ESS,0000920522,Real Estate,True,sp500_exact,False,False
88e2d33d-3257-4b12-8f50-4705cf293e18,Estee Lauder Companies,consumer-staples,True,EL,0001001250,,False,sec_exact,False,False
19c52535-144b-4c0c-82c7-2b117733f195,Everest Group,financials,True,EG,0001095073,Financials,True,sp500_exact,False,False
cdbdbeb8-55cc-4f7f-b0e0-27ae178fb026,Evergy,utilities,True,EVRG,0001711269,Utilities,True,sp500_exact,False,False
c5180f09-cbad-4bde-84ad-b0ec609bfb7d,Eversource Energy,utilities,True,ES,0000072741,Utilities,True,sp500_exact,False,False
2eac8f6a-48df-4754-908e-129b2e727441,Exelon,utilities,True,EXC,0001109357,Utilities,True,sp500_exact,False,False
b22a5bbe-a022-484c-ba8f-afefb54c597e,Expand Energy,energy,True,EXE,0000895126,Energy,True,sp500_exact,False,False
8e1fbc87-9fa2-4102-98af-c96a5892abf3,Expedia Group,consumer-discretionary,True,EXPE,0001324424,Consumer Discretionary,True,sp500_exact,False,False
15e7d9a5-24a2-4d18-9022-9221f449d595,Expeditors International,industrials,True,EXPD,0000746515,Industrials,True,sp500_exact,False,False
4e33d5a8-f77b-4dc6-aba4-ea4d804c5c7e,Extra Space Storage,real-estate,True,EXR,0001289490,Real Estate,True,sp500_exact,False,False
696009e5-9d01-4d99-a3cf-63c2a09bf6e3,Exxon Mobil,energy,True,XOM,0000034088,,False,sec_exact,True,False
cd394ad1-63a3-4d0f-ba7b-210dcbc7de09,ExxonMobil,energy,True,XOM,0000034088,Energy,True,sp500_exact,True,True
a0c8b57e-7aab-48cd-9e68-1cc83e5f9cbb,F5 Inc.,technology,True,FFIV,0001048695,Information Technology,True,sp500_exact,False,False
f575bbb0-7eba-4bf5-87a9-c9d1b0d7eca9,FactSet,financials,True,FDS,0001013237,Financials,True,sp500_exact,False,False
bc09abe4-272b-432f-af20-825ed935073e,Fair Isaac,technology,True,FICO,0000814547,Information Technology,True,sp500_exact,False,False
f5b515ae-579c-4325-80c9-20ce5ea3a20b,Fastenal,industrials,True,FAST,0000815556,Industrials,True,sp500_exact,False,False
99a36d9a-c5d7-4b56-8ff6-0faaf60be04b,FedEx,industrials,True,FDX,0001048911,Industrials,True,sp500_exact,False,False
4dcd6214-c290-4c78-a253-1e05977e02bb,Federal Realty Investment Trust,real-estate,True,FRT,0000034903,Real Estate,True,sp500_exact,False,False
bac8ec07-272b-43d6-8168-631d4d7d18c8,Fidelity National Information Services,financials,True,FIS,0001136893,Financials,True,sp500_exact,False,False
eae86b51-78f0-4980-9059-b823f9411a0c,Fifth Third Bancorp,financials,True,FITB,0000035527,Financials,True,sp500_exact,False,False
d91eec1f-a474-4f3c-83e3-564452c8b33d,First Solar,technology,True,FSLR,0001274494,Information Technology,True,sp500_exact,False,False
9945baf0-eb37-4aa8-a6fb-34287e5b0fc7,FirstEnergy,utilities,True,FE,0001031296,Utilities,True,sp500_exact,False,False
8d7ca0da-c7c5-4965-80d8-00302f9c077d,Fiserv,financials,True,FISV,0000798354,Financials,True,sp500_exact,False,False
99973ecc-c1af-4645-b5ce-78b52da46016,Five Below,retail,True,FIVE,0001177609,,False,sec_exact,False,False
b685bbc3-fb20-4c87-8ae4-e0a1a88203f4,Foot Locker,retail,True,FL,,,False,manual,False,False
641d0c07-7c36-4bc9-aa25-2d4da4284d02,Ford Motor Company,consumer-discretionary,True,F,0000037996,Consumer Discretionary,True,sp500_exact,False,False
eae37a19-5d0c-426e-ad5b-bd9a652cd806,Fortinet,technology,True,FTNT,0001262039,Information Technology,True,sp500_exact,False,False
8b55da8f-09a4-4dc1-8d0e-58c3753c0db2,Fortive,industrials,True,FTV,0001659166,Industrials,True,sp500_exact,False,False
26dadce1-c622-43b3-a072-12f683cc6d83,Fox Corporation,communication-services,True,FOXA,0001754301,,False,sec_exact,False,False
666ec57e-725f-4cac-83ef-a15359d2cb3e,Franklin Resources,financials,True,BEN,0000038777,Financials,True,sp500_exact,False,False
106c548c-3829-4d4e-ae21-57cf9241a614,Freeport-McMoRan,materials,True,FCX,0000831259,Materials,True,sp500_exact,False,False
3a5df6ce-8dc8-4f88-a3c8-a9c56c55a6ca,GE Aerospace,industrials,True,GE,0000040545,Industrials,True,sp500_exact,True,False
6d9aa73c-2fb1-4ead-b100-4be57fcfc467,GE HealthCare,healthcare,True,GEHC,0001932393,Health Care,True,sp500_exact,False,False
cb70950e-5eba-4cb3-8e34-ba672825ec8e,GE Vernova,industrials,True,GEV,0001996810,Industrials,True,sp500_exact,False,False
a4d9bb90-3b42-405d-a5ab-c0d667430f81,Gap Inc,retail,True,GAP,0000039911,,False,sec_exact,False,False
db324129-e989-4952-870a-525a250be240,Garmin,consumer-discretionary,True,GRMN,0001121788,Consumer Discretionary,True,sp500_exact,False,False
3a242e02-f687-40d5-9ca2-7c221488a819,Gartner,technology,True,IT,0000749251,Information Technology,True,sp500_exact,False,False
997437dd-9997-4e07-a2a3-c7f8cf760e05,Gen Digital,technology,True,GEN,0000849399,Information Technology,True,sp500_exact,False,False
4ca76473-d2fa-479e-9e61-15724c279467,Generac,industrials,True,GNRC,0001474735,Industrials,True,sp500_exact,False,False
b5293d8b-24f5-4ad4-be5f-892ca80096fd,General Dynamics,industrials,True,GD,0000040533,Industrials,True,sp500_exact,False,False
4a584d07-f710-45f1-8b4c-c6ca89b013ad,General Electric,industrials,True,GE,0000040545,,False,sec_exact,True,True
90ed7be9-1046-4195-a4f2-110575b77084,General Mills,consumer-staples,True,GIS,0000040704,Consumer Staples,True,sp500_exact,False,False
c48b8a42-450b-4485-b6ea-c927ebe7a1f4,General Motors,consumer-discretionary,True,GM,0001467858,Consumer Discretionary,True,sp500_exact,False,False
16be768b-f702-4cfe-bd76-3b9cd6a72eca,Genuine Parts Company,consumer-discretionary,True,GPC,0000040987,Consumer Discretionary,True,sp500_exact,False,False
e1a18ac6-392a-490b-a62b-63d94f105eec,Gilead Sciences,healthcare,True,GILD,0000882095,Health Care,True,sp500_exact,False,False
df056824-7f49-4364-bee0-041b35a8492e,Global Payments,financials,True,GPN,0001123360,Financials,True,sp500_exact,False,False
a9ce0679-0580-4ba2-96c7-cf1cafc3f05c,Globe Life,financials,True,GL,0000320335,Financials,True,sp500_exact,False,False
3aa999a1-f345-4a9f-ba59-537542d5760d,GoDaddy,technology,True,GDDY,0001609711,Information Technology,True,sp500_exact,False,False
57f3a7b0-eba2-4cad-8f66-c7b5a376c62f,Goldman Sachs,financials,True,GS,0000886982,Financials,True,sp500_exact,False,False
f8b49e66-bd81-49e2-bbe6-ef9d4662d475,H-E-B,retail,True,,,,False,private:private,False,False
040cd8f5-0de6-4b83-a006-617ff7416052,HCA Healthcare,healthcare,True,HCA,0000860730,Health Care,True,sp500_exact,False,False
0ce212b6-4909-420b-9b80-f3327d0ae1aa,HP Inc.,technology,True,HPQ,0000047217,Information Technology,True,sp500_exact,False,False
6240a8a0-463e-4f2a-8255-3ae98a7a560f,Halliburton,energy,True,HAL,0000045012,Energy,True,sp500_exact,False,False
b8309e1b-2d86-4246-937a-55932e2152f7,Hartford,financials,True,HIG,0000874766,Financials,True,sp500_exact,False,False
c89f321f-edfc-4d7c-bd85-23183c7bdbb0,Hasbro,consumer-discretionary,True,HAS,0000046080,Consumer Discretionary,True,sp500_exact,False,False
9200cd8a-e54d-4e07-90cf-bb4733949c11,Healthpeak Properties,real-estate,True,DOC,0000765880,Real Estate,True,sp500_exact,False,False
72ab6e16-5e87-4da6-80be-8fdbab85d6fb,Henry Schein,healthcare,True,HSIC,0001000228,Health Care,True,sp500_exact,False,False
0c05548e-4f99-4362-b682-70a29bec1aad,Hershey Company,consumer-staples,True,HSY,0000047111,Consumer Staples,True,sp500_exact,False,False
f5a89658-cbae-42b9-88a0-d22e9e76e9c9,Hewlett Packard Enterprise,technology,True,HPE,0001645590,Information Technology,True,sp500_exact,False,False
3e15b5e3-6c09-4501-93b4-5cd373a7b449,Hilton Worldwide,consumer-discretionary,True,HLT,0001585689,Consumer Discretionary,True,sp500_exact,False,False
1d846937-dc91-427a-adc3-16d66035a2b5,Hologic,healthcare,True,HOLX,,,False,manual,False,False
71f7ddcf-c521-464f-899a-640a40152f05,Home Depot,consumer-discretionary,True,HD,0000354950,Consumer Discretionary,True,sp500_exact,False,False
13a8049a-0e34-476f-917f-97aeb4f2b559,Honeywell,industrials,True,HON,0000773840,Industrials,True,sp500_exact,False,False
4bb1c5f2-cc38-4dee-8dfc-754bfa2fc854,Hormel Foods,consumer-staples,True,HRL,0000048465,Consumer Staples,True,sp500_exact,False,False
96545a63-6f06-4a52-851b-5ae479324d0a,Host Hotels & Resorts,real-estate,True,HST,0001070750,Real Estate,True,sp500_exact,False,False
30b4cfa3-8a44-4d96-a19c-4b7493f5e9a8,Howmet Aerospace,industrials,True,HWM,0000004281,Industrials,True,sp500_exact,False,False
eca1eac5-3161-4a75-a3d2-b8600380eb9f,Hubbell Incorporated,industrials,True,HUBB,0000048898,Industrials,True,sp500_exact,False,False
de5f937f-761f-4ed3-9e98-636ebe4e8844,Humana,healthcare,True,HUM,0000049071,Health Care,True,sp500_exact,False,False
d1a02fd9-3987-4d43-934e-616ab3effa8b,Huntington Bancshares,financials,True,HBAN,0000049196,Financials,True,sp500_exact,False,False
da997fad-321c-451c-8fe5-78b4b3e8a2ed,Huntington Ingalls Industries,industrials,True,HII,0001501585,Industrials,True,sp500_exact,False,False
b8e99e5c-187b-475a-9dbb-96291c02caf2,IBM,technology,True,IBM,0000051143,Information Technology,True,sp500_exact,False,False
8dee60a9-6f7f-4856-b6b4-a815a5662d65,IDEX Corporation,industrials,True,IEX,0000832101,Industrials,True,sp500_exact,False,False
c2335df1-71e4-4352-9aca-5a78ed0462b8,IKEA,retail,True,,,,False,private:private,False,False
7f20fc38-03af-4fe1-8f66-f75b961e9e0c,IQVIA,healthcare,True,IQV,0001478242,Health Care,True,sp500_exact,False,False
ae76f502-54cf-42c1-89b8-e05816f7ddbf,Idexx Laboratories,healthcare,True,IDXX,0000874716,Health Care,True,sp500_exact,False,False
76628f12-7f62-46a9-9b9e-9cb2b6cba013,Illinois Tool Works,industrials,True,ITW,0000049826,Industrials,True,sp500_exact,False,False
03a7656e-a92f-4798-8f08-7cf4b2ca6313,Incyte,healthcare,True,INCY,0000879169,Health Care,True,sp500_exact,False,False
912be1c5-b8a8-4b92-8582-b52e7289c6cf,Ingersoll Rand,industrials,True,IR,0001699150,Industrials,True,sp500_exact,False,False
7b0f9cbd-89b0-4efc-9bea-779a26f0c5bd,Insulet Corporation,healthcare,True,PODD,0001145197,Health Care,True,sp500_exact,False,False
5818e1fd-5d7e-43b2-b2c3-e42b8ab3ab01,Intel,technology,True,INTC,0000050863,Information Technology,True,sp500_exact,False,False
31cba691-07cb-461a-9630-47daf2ad85b4,Intercontinental Exchange,financials,True,ICE,0001571949,Financials,True,sp500_exact,False,False
e09f20cc-c340-4923-97e5-7415828b04cd,International Flavors & Fragrances,materials,True,IFF,0000051253,Materials,True,sp500_exact,False,False
a1887c60-1f25-41c2-8f80-331998d7f6f3,International Paper,materials,True,IP,0000051434,Materials,True,sp500_exact,False,False
f273b04e-f93b-4cbc-884b-95074a6f8b2d,Interpublic Group of Companies,communication-services,True,IPG,,,False,manual,False,False
96106fe6-940e-487b-8444-cd32b259cc4e,Intuit,technology,True,INTU,0000896878,Information Technology,True,sp500_exact,False,False
c7123429-778b-440d-bf32-eeafe9a57235,Intuitive Surgical,healthcare,True,ISRG,0001035267,Health Care,True,sp500_exact,False,False
8084082a-12fd-4a23-9574-6c591647f6fb,Invesco,financials,True,IVZ,0000914208,Financials,True,sp500_exact,False,False
58440970-7c5f-414f-b855-ad1c36d60d9f,Invitation Homes,real-estate,True,INVH,0001687229,Real Estate,True,sp500_exact,False,False
2e7cb10d-3d39-40e1-97ad-09e669d52a31,Iron Mountain,real-estate,True,IRM,0001020569,Real Estate,True,sp500_exact,False,False
578764a6-f1b0-414a-86d9-9f52c095462c,J.B. Hunt,industrials,True,JBHT,0000728535,Industrials,True,sp500_exact,False,False
a36b6544-9fc7-427f-ad67-2676a9694b42,J.M. Smucker Company,consumer-staples,True,SJM,0000091419,Consumer Staples,True,sp500_exact,False,False
2a3cf9ec-7aba-4d49-8d41-4e3332945834,JCPenney,retail,True,,,,False,private:private,False,False
75f3f245-dcd8-4693-b123-c460b36feeb6,JPMorgan Chase,financials,True,JPM,0000019617,Financials,True,sp500_exact,False,False
0144c289-c1cf-4b52-a7dd-3c21d8bece58,Jabil,technology,True,JBL,0000898293,Information Technology,True,sp500_exact,False,False
5b72b35e-d1ed-4449-a214-58fb1e8cb4ab,Jack Henry & Associates,financials,True,JKHY,0000779152,Financials,True,sp500_exact,False,False
54c8eb76-5864-4a5f-abe8-4f228e6eb0a4,Jacobs Solutions,industrials,True,J,0000052988,Industrials,True,sp500_exact,False,False
0e754ede-e6ed-443d-a32a-220aa23f6d54,Johnson & Johnson,healthcare,True,JNJ,0000200406,Health Care,True,sp500_exact,False,False
6e6948d1-82e0-4e02-94f6-09fa10aff838,Johnson Controls,industrials,True,JCI,0000833444,Industrials,True,sp500_exact,False,False
1c6a8e93-69b4-4d1e-aeca-959d5fe4bbb8,KKR & Co.,financials,True,KKR,0001404912,Financials,True,sp500_exact,False,False
f33b9e1a-c8f3-4497-a147-2aa95039ad4a,KLA Corporation,technology,True,KLAC,0000319201,Information Technology,True,sp500_exact,False,False
25d00a2d-34ec-4d03-bddd-9180a6905417,Kellanova,consumer-staples,True,K,,,False,manual,False,False
0ed89020-254a-4787-8ec1-3a0a7cea5943,Kenvue,consumer-staples,True,KVUE,0001944048,Consumer Staples,True,sp500_exact,False,False
17f89c79-7330-4040-ad00-14fa8664f6c2,Keurig Dr Pepper,consumer-staples,True,KDP,0001418135,Consumer Staples,True,sp500_exact,False,False
b709d671-6eef-4b21-8148-570f771ab786,KeyCorp,financials,True,KEY,0000091576,Financials,True,sp500_exact,False,False
2965ae19-2c21-46fa-b446-ba47ad0ecb3e,Keysight Technologies,technology,True,KEYS,0001601046,Information Technology,True,sp500_exact,False,False
901bb27e-7651-41b4-80ae-e8c2802bd8a8,Kimberly-Clark,consumer-staples,True,KMB,0000055785,Consumer Staples,True,sp500_exact,False,False
28cb5ed1-7b31-4ce3-b1ed-a4957bfa33da,Kimco Realty,real-estate,True,KIM,0000879101,Real Estate,True,sp500_exact,False,False
981ecd4d-9c07-454a-8683-40672af692b9,Kinder Morgan,energy,True,KMI,0001506307,Energy,True,sp500_exact,False,False
4e19545b-4e16-44cf-912a-15fd50bb859a,Kohl's,retail,True,KSS,0000885639,,False,manual,False,False
fa9313de-7328-4ff6-89b1-a531bbbaa4dd,Kraft Heinz,consumer-staples,True,KHC,0001637459,Consumer Staples,True,sp500_exact,False,False
0ddf2b0b-572f-4194-80e9-a8fd2b31accf,Kroger,consumer-staples,True,KR,0000056873,Consumer Staples,True,sp500_exact,False,False
cd02fd69-f2f9-45ea-a16e-ae35080d1b5c,L3Harris,industrials,True,LHX,0000202058,Industrials,True,sp500_exact,False,False
a79a7f50-5c88-4eab-b349-c70cd40ecc1d,LKQ Corporation,consumer-discretionary,True,LKQ,0001065696,,False,sec_exact,False,False
2df33038-3b56-4188-bb76-acf37df175b2,Labcorp,healthcare,True,LH,0000920148,Health Care,True,sp500_exact,False,False
5781ec9b-71c3-4fb0-84f1-ba6cb1111a96,Lam Research,technology,True,LRCX,0000707549,Information Technology,True,sp500_exact,False,False
f0667fba-20d5-4305-8525-f4f4d1efdd9f,Lamb Weston,consumer-staples,True,LW,0001679273,,False,sec_exact,False,False
fb1e05ce-d54e-4eb8-b3d9-baa2de1f4630,Las Vegas Sands,consumer-discretionary,True,LVS,0001300514,Consumer Discretionary,True,sp500_exact,False,False
84bbd72c-8265-4424-9a4d-5ae376701bd0,Leidos,industrials,True,LDOS,0001336920,Industrials,True,sp500_exact,False,False
ba2ea97c-4111-43e6-8ed9-4ca815439e25,Lennar,consumer-discretionary,True,LEN,0000920760,Consumer Discretionary,True,sp500_exact,False,False
d602ed07-1dc9-43f5-9f6e-1c51a11ddcbb,Lennox International,industrials,True,LII,0001069202,Industrials,True,sp500_exact,False,False
0fad53b3-c93f-4b58-be7a-10518ea43edf,Linde plc,materials,True,LIN,0001707925,Materials,True,sp500_exact,False,False
8c64b3a0-f87f-425b-8e76-0029b033fcfa,Live Nation Entertainment,communication-services,True,LYV,0001335258,Communication Services,True,sp500_exact,False,False
0ce4f7c9-32ff-47d6-bcd3-337de598e836,Lockheed Martin,industrials,True,LMT,0000936468,Industrials,True,sp500_exact,False,False
f921797a-085a-4628-95af-57780a182bed,Loews Corporation,financials,True,L,0000060086,Financials,True,sp500_exact,False,False
e4813128-8352-487f-94af-65ab3ba3a0ed,Lowes,consumer-discretionary,True,LOW,0000060667,Consumer Discretionary,True,manual,False,False
9cf2a587-cd91-4d2e-92c5-71e5f15bbe37,Lululemon,retail,True,LULU,0001397187,Consumer Discretionary,True,manual,True,False
a7de8516-50d8-49d6-a8eb-3411d16b3716,Lululemon Athletica,consumer-discretionary,True,LULU,0001397187,Consumer Discretionary,True,sp500_exact,True,True
cc0a712f-e1ba-4b4d-af32-10020fbef5d9,LyondellBasell,materials,True,LYB,0001489393,Materials,True,sp500_exact,False,False
7d3e97e8-7ad1-4bc9-bc4c-87c02184271d,M&T Bank,financials,True,MTB,0000036270,Financials,True,sp500_exact,False,False
f1fe2bff-5327-48d3-963e-1f572b48d853,MGM Resorts,consumer-discretionary,True,MGM,0000789570,Consumer Discretionary,True,sp500_exact,False,False
1656dc78-8560-470e-88ef-429ffecb80d4,MSCI Inc.,financials,True,MSCI,0001408198,Financials,True,sp500_exact,False,False
0cc36674-15e8-4729-bc2e-998ad805c278,Macy's,retail,True,M,0000794367,,False,sec_exact,False,False
7bb9ae46-8436-437f-9e68-e5402f03d44f,Marathon Petroleum,energy,True,MPC,0001510295,Energy,True,sp500_exact,False,False
7afc8ac3-5afc-491d-9844-a230df152f48,MarketAxess,financials,True,MKTX,0001278021,,False,sec_exact,False,False
ff3ab27b-769d-4958-bbb8-e97c99e1ddfe,Marriott International,consumer-discretionary,True,MAR,0001048286,Consumer Discretionary,True,sp500_exact,False,False
05d399d1-a2d5-49e5-8829-04a47e955b20,Marsh McLennan,financials,True,MRSH,0000062709,Financials,True,sp500_exact,False,False
7ca714d8-49f7-40b9-b3e2-3cf38e771372,Martin Marietta Materials,materials,True,MLM,0000916076,Materials,True,sp500_exact,False,False
9cd9fea9-5073-4328-abed-0461a46bfd67,Masco,industrials,True,MAS,0000062996,Industrials,True,sp500_exact,False,False
361d0837-cd27-4ba1-b39c-1995f14b49ca,Mastercard,financials,True,MA,0001141391,Financials,True,sp500_exact,False,False
361aee96-892b-4b04-8e92-55038a29478c,Match Group,communication-services,True,MTCH,0000891103,,False,sec_exact,False,False
866d00a2-8175-4303-bdef-553e631247f5,McCormick & Company,consumer-staples,True,MKC,0000063754,Consumer Staples,True,sp500_exact,False,False
f8854553-8c22-43c4-8b3c-23e9a21a34f8,McDonalds,consumer-discretionary,True,MCD,0000063908,,False,sec_exact,False,False
c5590e1c-9d22-4b61-b0c8-2e0a7fb4f263,McKesson Corporation,healthcare,True,MCK,0000927653,Health Care,True,sp500_exact,False,False
51fc2e27-75fb-4a83-bdc3-1f923705fc8d,Medtronic,healthcare,True,MDT,0001613103,Health Care,True,sp500_exact,False,False
549c197b-36fb-4e04-becd-09323c646eb9,Merck & Co.,healthcare,True,MRK,0000310158,Health Care,True,sp500_exact,False,False
72aef4a1-95f9-40f3-9608-9e1fe1be853e,MetLife,financials,True,MET,0001099219,Financials,True,sp500_exact,False,False
1772f5cc-9b4d-49ff-a320-65ab8a68d8b4,Meta Platforms,communication-services,True,META,0001326801,Communication Services,True,sp500_exact,False,False
3d4d96b3-6638-4ea8-bf71-c7a7574c2e87,Mettler Toledo,healthcare,True,MTD,0001037646,Health Care,True,sp500_exact,False,False
15194262-32a7-42c4-a536-c2de8c613f17,Michaels,retail,True,,,,False,private:private,False,False
dedd02d1-4d31-403c-a7af-570b7bcf0214,Microchip Technology,technology,True,MCHP,0000827054,Information Technology,True,sp500_exact,False,False
bbdfda16-0d5d-4fd5-acbf-31abf115756b,Micron Technology,technology,True,MU,0000723125,Information Technology,True,sp500_exact,False,False
f15999e9-5ff4-4c80-b639-5b36479af72e,Microsoft,technology,True,MSFT,0000789019,Information Technology,True,sp500_exact,False,False
dbb5baa2-aa72-47be-b8d7-afeeaa6c49ff,Mid-America Apartment Communities,real-estate,True,MAA,0000912595,Real Estate,True,sp500_exact,False,False
ffbd8988-c3ce-4721-9aee-9c12a35f5fa8,Moderna,healthcare,True,MRNA,0001682852,Health Care,True,sp500_exact,False,False
f7eee46d-63d8-4e8c-8b3f-91c208083a1b,Mohawk Industries,consumer-discretionary,True,MHK,0000851968,,False,sec_exact,False,False
c67fd17c-e009-4560-ba03-ba609fc1e55b,Molina Healthcare,healthcare,True,MOH,0001179929,,False,sec_exact,False,False
f790b68a-ff4e-40a4-b266-9efdce0eb53b,Molson Coors Beverage Company,consumer-staples,True,TAP,0000024545,Consumer Staples,True,sp500_exact,False,False
11a0c7bf-a0bf-4cbb-a3f8-05b67ec8853f,Mondelez International,consumer-staples,True,MDLZ,0001103982,Consumer Staples,True,sp500_exact,False,False
e892b8d1-ed02-4c19-8643-5aaf9ed893de,Monolithic Power Systems,technology,True,MPWR,0001280452,Information Technology,True,sp500_exact,False,False
fa9090e5-cc15-47fa-85d1-ccda70ab50b1,Monster Beverage,consumer-staples,True,MNST,0000865752,Consumer Staples,True,sp500_exact,False,False
83c6519a-1ab9-4093-a407-42f63eab50b9,Moodys Corporation,financials,True,MCO,0001059556,Financials,True,sp500_fuzzy:moody s,False,False
93214609-bfab-4e37-a26c-61d88306a655,Morgan Stanley,financials,True,MS,0000895421,Financials,True,sp500_exact,False,False
3564e535-f0e5-4e8d-ad77-e54e5b76f972,Mosaic Company,materials,True,MOS,0001285785,Materials,True,sp500_exact,False,False
ffdbc4d3-18aa-4387-b1a4-96fc5f133d52,Motorola Solutions,technology,True,MSI,0000068505,Information Technology,True,sp500_exact,False,False
b747aa82-d551-445c-93ab-1943edd56174,NRG Energy,utilities,True,NRG,0001013871,Utilities,True,sp500_exact,False,False
08f5db64-628c-4c89-898a-9254d41047ec,NVR Inc.,consumer-discretionary,True,NVR,0000906163,Consumer Discretionary,True,sp500_exact,False,False
fce427bc-ff14-4c38-8a6b-61a8be00fbbf,NXP Semiconductors,technology,True,NXPI,0001413447,Information Technology,True,sp500_exact,False,False
4851fe91-ba87-4070-be7d-1f82b52b17e4,Nasdaq Inc.,financials,True,NDAQ,0001120193,Financials,True,sp500_exact,False,False
7ae30792-a030-4406-b15a-0ff29dc8537c,NetApp,technology,True,NTAP,0001002047,Information Technology,True,sp500_exact,False,False
b4a62250-f343-4ae2-8a16-4d612474ec95,Netflix,communication-services,True,NFLX,0001065280,Communication Services,True,sp500_exact,False,False
d36cc704-c416-4be8-b7b1-97340a0dd925,Newmont,materials,True,NEM,0001164727,Materials,True,sp500_exact,False,False
4a9a94eb-66db-4a2a-a8ac-adda13f7a52b,News Corp,communication-services,True,NWSA,0001564708,Communication Services,True,manual,False,False
9e589c45-e0a9-46bd-b55a-e85276cbb0a3,NextEra Energy,utilities,True,NEE,0000753308,Utilities,True,sp500_exact,False,False
09faa4a6-aa9e-4c4e-824e-a43bc4acd881,NiSource,utilities,True,NI,0001111711,Utilities,True,sp500_exact,False,False
f4472eff-e6b5-4996-acf0-1f70208c2a08,Nike Inc.,consumer-discretionary,True,NKE,0000320187,Consumer Discretionary,True,sp500_exact,False,False
1eccdf9d-afd4-4f63-a392-3e37b9de6564,Nordson Corporation,industrials,True,NDSN,0000072331,Industrials,True,sp500_exact,False,False
a1ddd15a-bd86-470a-b16e-82ef3871a0f4,Nordstrom,retail,True,JWN,,,False,manual,False,False
5da38e79-aee0-4061-a67a-1ec6c6472b37,Norfolk Southern,industrials,True,NSC,0000702165,Industrials,True,sp500_exact,False,False
ccf3a8c1-3014-4f5a-8c60-666abd15a246,Northern Trust,financials,True,NTRS,0000073124,Financials,True,sp500_exact,False,False
f51c0d24-705d-401d-8242-69a16b454ec5,Northrop Grumman,industrials,True,NOC,0001133421,Industrials,True,sp500_exact,False,False
5bd4cda1-39a9-4ab3-b763-3a0c490a8739,Norwegian Cruise Line Holdings,consumer-discretionary,True,NCLH,0001513761,Consumer Discretionary,True,sp500_exact,False,False
9a7e44f7-c521-4822-8956-dfdfb4b14ed7,Nucor,materials,True,NUE,0000073309,Materials,True,sp500_exact,False,False
173635d5-1433-4ebc-8f68-f39fe88f89a1,Nvidia,technology,True,NVDA,0001045810,Information Technology,True,sp500_exact,False,False
1650ac62-d8dd-442a-bf34-f1150ecb2e2c,ON Semiconductor,technology,True,ON,0001097864,Information Technology,True,sp500_exact,False,False
334298b4-5f86-4f5c-9dbd-c02ace9c0c8d,OReilly Automotive,consumer-discretionary,True,ORLY,0000898173,Consumer Discretionary,True,sp500_fuzzy:o reilly automotive,False,False
2372c872-d718-43ff-8529-bdd55c5d7396,Occidental Petroleum,energy,True,OXY,0000797468,Energy,True,sp500_exact,False,False
ff569b41-cc6d-4092-b98e-47fe0c4a9566,Office Depot,retail,True,ODP,,,False,manual,False,False
f82057a7-e91c-4118-87a9-7dc4a2275e54,Old Dominion,industrials,True,ODFL,0000878927,Industrials,True,sp500_exact,False,False
1ccb859c-83e4-49d1-8f0d-28672ab267e6,Omnicom Group,communication-services,True,OMC,0000029989,Communication Services,True,sp500_exact,False,False
e81cc57a-d29d-4cc1-be3e-be5e41e198e0,Oneok,energy,True,OKE,0001039684,Energy,True,sp500_exact,False,False
70412951-f104-47f3-8971-b084a59f95a0,Oracle Corporation,technology,True,ORCL,0001341439,Information Technology,True,sp500_exact,False,False
f0836ff3-fdfc-4c7a-8203-9e1a6484b3c0,Otis Worldwide,industrials,True,OTIS,0001781335,Industrials,True,sp500_exact,False,False
b51a45d0-c2a2-42db-b343-3bdee72a4757,PG&E Corporation,utilities,True,PCG,0001004980,Utilities,True,sp500_exact,False,False
5246a86e-ec14-4ca4-bbbe-1feb7d6d34c0,PNC Financial,financials,True,PNC,0000713676,Financials,True,manual,True,False
50e77857-1371-49fd-a251-53540b7dbe59,PNC Financial Services,financials,True,PNC,0000713676,Financials,True,sp500_exact,True,True
c56802cf-569e-4b1f-ad71-4dfdbb24b7c9,PPG Industries,materials,True,PPG,0000079879,Materials,True,sp500_exact,False,False
37fbb3f6-1f88-4e0e-b793-08d3b86383a2,PPL Corporation,utilities,True,PPL,0000922224,Utilities,True,sp500_exact,False,False
3fc12093-7f20-4ff8-94d6-8396cc54da56,PTC Inc.,technology,True,PTC,0000857005,Information Technology,True,sp500_exact,False,False
50610d48-9af9-43a1-a44c-fe1c514523c7,Paccar,industrials,True,PCAR,0000075362,Industrials,True,sp500_exact,False,False
c86809e0-21a8-49c5-bc28-bafb608e704c,Packaging Corporation of America,materials,True,PKG,0000075677,Materials,True,sp500_exact,False,False
101ef996-320c-42f1-a344-ac1887ccb6d5,Palantir Technologies,technology,True,PLTR,0001321655,Information Technology,True,sp500_exact,False,False
4f5171e6-5282-4bc7-b32a-0b6337c46f65,Palo Alto Networks,technology,True,PANW,0001327567,Information Technology,True,sp500_exact,False,False
96c2b61b-14dc-414b-aec5-c1fa32516875,Paramount Skydance Corporation,communication-services,True,PSKY,0002041610,Communication Services,True,sp500_exact,False,False
1c912109-58c3-4c03-a604-29e0427e7c5e,Parker Hannifin,industrials,True,PH,0000076334,Industrials,True,sp500_exact,False,False
76e3e985-716f-4de3-b308-43a806dd19e9,PayPal,financials,True,PYPL,0001633917,Financials,True,sp500_exact,False,False
676229d2-41f4-46bc-8716-ef36ad40763d,Paychex,industrials,True,PAYX,0000723531,Industrials,True,sp500_exact,False,False
3aaad55a-e12c-4085-b0ff-d09fa5d7ed4b,Paycom,industrials,True,PAYC,0001590955,,False,manual,False,False
b1f8218d-905e-46d7-bcbf-6d52b31554d4,Pentair,industrials,True,PNR,0000077360,Industrials,True,sp500_exact,False,False
27822f9d-f334-4cb9-b76c-3e17f486efe1,PepsiCo,consumer-staples,True,PEP,0000077476,Consumer Staples,True,sp500_exact,False,False
c3e90f67-1a88-463c-bc71-968787e933dc,PetSmart,retail,True,,,,False,private:private,False,False
3293c6c0-2eae-4898-850c-e4d3c60418bd,Petco,retail,True,WOOF,0001826470,,False,manual,False,False
7b62a980-c7f8-4643-9e52-7e7f3ea200bb,Pfizer,healthcare,True,PFE,0000078003,Health Care,True,sp500_exact,False,False
a507cdf5-bdcc-417a-9553-d9f9ca7ad2e7,Philip Morris International,consumer-staples,True,PM,0001413329,Consumer Staples,True,sp500_exact,False,False
e9780ccc-49d2-4624-8bac-973981ff8989,Phillips 66,energy,True,PSX,0001534701,Energy,True,sp500_exact,False,False
8676f206-3958-47a0-826d-af73126b7139,Pinnacle West Capital,utilities,True,PNW,0000764622,Utilities,True,sp500_exact,False,False
f14fd58b-f38b-4337-a211-92802931f6db,Pool Corporation,consumer-discretionary,True,POOL,0000945841,Consumer Discretionary,True,sp500_exact,False,False
682b8c35-1d17-4765-b1a4-5457ce0b9022,Principal Financial Group,financials,True,PFG,0001126328,Financials,True,sp500_exact,False,False
e759c0c1-704e-40d6-a0b4-8fe53d7193b3,Procter & Gamble,consumer-staples,True,PG,0000080424,Consumer Staples,True,sp500_exact,False,False
01ad3bf8-e644-4502-bda1-8cc8664ed68e,Progressive Corporation,financials,True,PGR,0000080661,Financials,True,sp500_exact,False,False
64da0a19-356a-4635-9e3c-75767f5be7ec,Prologis,real-estate,True,PLD,0001045609,Real Estate,True,sp500_exact,False,False
25fe5086-5fa0-49db-98f4-093d17cc247a,Prudential Financial,financials,True,PRU,0001137774,Financials,True,sp500_exact,False,False
a3a4a142-4d2c-40a3-9892-7774ef32991e,Public Service Enterprise Group,utilities,True,PEG,0000788784,Utilities,True,sp500_exact,False,False
f6564571-d51f-48f1-bf7d-e313c4c879d4,Public Storage,real-estate,True,PSA,0001393311,Real Estate,True,sp500_exact,False,False
113f4467-f884-4b94-8776-781fb93a3241,Publix,retail,True,,,,False,private:private,False,False
1816baa8-ff68-445a-a443-cf951476659c,PulteGroup,consumer-discretionary,True,PHM,0000822416,Consumer Discretionary,True,sp500_exact,False,False
26e3550a-7eb4-4627-bddb-2745cca2ad51,Qualcomm,technology,True,QCOM,0000804328,Information Technology,True,sp500_exact,False,False
a8f7f50d-4978-4046-9c0c-69efae2d23ed,Quanta Services,industrials,True,PWR,0001050915,Industrials,True,sp500_exact,False,False
193af8e5-5cac-43f5-8721-6080fe73fb46,Quest Diagnostics,healthcare,True,DGX,0001022079,Health Care,True,sp500_exact,False,False
6f3129d8-e818-4bdd-94c3-d473836aebb2,RTX Corporation,industrials,True,RTX,0000101829,Industrials,True,sp500_exact,False,False
6a6f246f-d942-4bcb-b6df-458e59b99d84,Ralph Lauren Corporation,consumer-discretionary,True,RL,0001037038,Consumer Discretionary,True,sp500_exact,False,False
762c22af-0a93-4a7a-b96e-b8a20ae9c799,Raymond James Financial,financials,True,RJF,0000720005,Financials,True,sp500_exact,False,False
2b85f0ef-3fff-4725-afb5-1ca2c72c97d4,Realty Income,real-estate,True,O,0000726728,Real Estate,True,sp500_exact,False,False
54cfcd1a-fd4f-4978-920d-50980877a936,Regency Centers,real-estate,True,REG,0000910606,Real Estate,True,sp500_exact,False,False
b39a54b6-07a6-4377-ab0d-12e67ee928e4,Regeneron Pharmaceuticals,healthcare,True,REGN,0000872589,Health Care,True,sp500_exact,False,False
dc4e54da-e020-4da5-a22e-2a6813af2ccd,Regions Financial Corporation,financials,True,RF,0001281761,Financials,True,sp500_exact,False,False
a1c5218f-a766-403e-b99d-d3637d032a1c,Republic Services,industrials,True,RSG,0001060391,Industrials,True,sp500_exact,False,False
a1ea1f27-619f-45c1-b6d3-999e7bc9c9de,ResMed,healthcare,True,RMD,0000943819,Health Care,True,sp500_exact,False,False
1ff3792b-f7f4-4560-95fe-0a1977078eb0,Revvity,healthcare,True,RVTY,0000031791,Health Care,True,sp500_exact,False,False
cb067398-3d28-4d07-b03d-4e9c1b4f40d5,Rite Aid,retail,True,RAD,,,False,manual,False,False
2a75b284-56e4-4a86-9bed-4a25d301a201,Rockwell Automation,industrials,True,ROK,0001024478,Industrials,True,sp500_exact,False,False
b235b79d-0a58-456d-a3a3-778cd403c0b1,Rollins Inc.,industrials,True,ROL,0000084839,Industrials,True,sp500_exact,False,False
e37d2501-c346-44de-97ca-ce2701f25e7d,Roper Technologies,technology,True,ROP,0000882835,Information Technology,True,sp500_exact,False,False
3955b6f3-f28d-42d8-8dbe-615d4a80d5f4,Ross Stores,consumer-discretionary,True,ROST,0000745732,Consumer Discretionary,True,sp500_exact,False,False
ec0c2d51-0b0c-45ce-8727-ad530d64a160,Royal Caribbean Group,consumer-discretionary,True,RCL,0000884887,Consumer Discretionary,True,sp500_exact,False,False
c81c8634-0205-4edc-aa9a-29e87d20c091,S&P Global,financials,True,SPGI,0000064040,Financials,True,sp500_exact,False,False
b4a04904-a564-43ea-94db-a1478ce92863,SBA Communications,real-estate,True,SBAC,0001034054,Real Estate,True,sp500_exact,False,False
60a36018-74b6-484b-bc2f-7c356a116950,Safeway,retail,True,,,,False,private:subsidiary of Albertsons,False,False
6079feba-2c4e-4171-9574-60f34e49e6d0,Salesforce,technology,True,CRM,0001108524,Information Technology,True,sp500_exact,False,False
0daecaa6-021e-47e9-b23a-308119ca6c9b,Sam's Club,retail,True,,,,False,private:subsidiary of Walmart,False,False
97cd9912-da20-4fd2-85a8-aa03153eb742,Schlumberger,energy,True,SLB,0000087347,Energy,True,sp500_exact,False,False
e25b0c50-a9c6-46a5-b805-300d649c593c,Seagate Technology,technology,True,STX,0001137789,Information Technology,True,sp500_exact,False,False
76a0407f-e9d3-4625-a3c5-c950492157d1,Sempra,utilities,True,SRE,0001032208,Utilities,True,sp500_exact,False,False
4ba61f1f-e4af-4227-80ec-848cd05b03b2,ServiceNow,technology,True,NOW,0001373715,Information Technology,True,sp500_exact,False,False
a86b2c16-9bd4-4acd-9482-5028f2b842c2,Sherwin-Williams,materials,True,SHW,0000089800,Materials,True,sp500_exact,False,False
37c28e7f-bffb-44b1-96a0-71760d3446ad,Simon Property Group,real-estate,True,SPG,0001063761,Real Estate,True,sp500_exact,False,False
14e34c2f-93a9-445b-aa4d-1e544908ae59,Skyworks Solutions,technology,True,SWKS,0000004127,Information Technology,True,sp500_exact,False,False
d991c9f0-07ee-4d1c-9415-9f604a4e03df,Smurfit Westrock,materials,True,SW,0002005951,Materials,True,sp500_exact,False,False
68854b66-932e-4a85-a019-4e0f74473da7,Snap-on,industrials,True,SNA,0000091440,Industrials,True,sp500_exact,False,False
35e5cdcf-973b-48f4-8923-dc2536a26188,Solventum,healthcare,True,SOLV,0001964738,Health Care,True,sp500_exact,False,False
8ac6f54e-4204-44ce-946c-96e8425fb9ff,Southern Company,utilities,True,SO,0000092122,Utilities,True,sp500_exact,False,False
269a750b-bb80-44e7-bf69-84be042db217,Southwest Airlines,industrials,True,LUV,0000092380,Industrials,True,sp500_exact,False,False
fed6b714-a534-42ee-b55a-2b906cafc7b1,Sprouts Farmers Market,retail,True,SFM,0001575515,,False,sec_exact,False,False
d3236e06-5ac2-4ccb-a610-fcfeeab70b3b,Stanley Black & Decker,industrials,True,SWK,0000093556,Industrials,True,sp500_exact,False,False
f57d75c6-01bb-48b2-83ed-e3736491de1b,Staples,retail,True,,,,False,private:private,False,False
e382c60e-4436-4844-9fce-8101e12efa95,Starbucks,consumer-discretionary,True,SBUX,0000829224,Consumer Discretionary,True,sp500_exact,False,False
47bdd4d4-ab33-4f24-b29b-32edba200939,State Street Corporation,financials,True,STT,0000093751,Financials,True,sp500_exact,False,False
3ca1768e-9ed3-4cfc-879e-ba0fa027f516,Steel Dynamics,materials,True,STLD,0001022671,Materials,True,sp500_exact,False,False
82432573-2c71-42cd-8778-a97eccab9917,Steris,healthcare,True,STE,0001757898,Health Care,True,sp500_exact,False,False
4d94c708-936e-462c-a10c-b3367267bff4,Stryker Corporation,healthcare,True,SYK,0000310764,Health Care,True,sp500_exact,False,False
ff466ecd-828b-4f3e-84fb-2e6dc5383f98,Supermicro,technology,True,SMCI,0001375365,Information Technology,True,sp500_exact,False,False
dd12df80-fcd9-48d5-882c-ef345d255edf,Synchrony Financial,financials,True,SYF,0001601712,Financials,True,sp500_exact,False,False
720da3da-8458-40cd-85ca-273ccf5f9447,Synopsys,technology,True,SNPS,0000883241,Information Technology,True,sp500_exact,False,False
e04c65cb-95a9-425a-b391-d6ed9952ff20,Sysco,consumer-staples,True,SYY,0000096021,Consumer Staples,True,sp500_exact,False,False
2ab2ac93-06f4-47e5-8ac4-401267ad44f1,T-Mobile US,communication-services,True,TMUS,0001283699,Communication Services,True,sp500_exact,False,False
83cfd929-abf2-44bc-a31b-afa3a6a55563,T. Rowe Price,financials,True,TROW,0001113169,Financials,True,sp500_exact,False,False
e0067f95-0163-4de8-9f12-0288014811cd,TE Connectivity,technology,True,TEL,0001385157,Information Technology,True,sp500_exact,False,False
e3824a85-39a4-4c86-ad1c-15bb13c334b7,TJX Companies,consumer-discretionary,True,TJX,0000109198,Consumer Discretionary,True,sp500_exact,False,False
1d50edb6-30b8-4219-b8b5-dd3d757a3356,TKO Group Holdings,communication-services,True,TKO,0001973266,Communication Services,True,sp500_exact,False,False
4201c945-ad1e-49f0-916e-f0200f73db9a,Take-Two Interactive,communication-services,True,TTWO,0000946581,Communication Services,True,sp500_exact,False,False
6719faee-c217-4d53-b8d7-ce835d1fc183,Tapestry Inc.,consumer-discretionary,True,TPR,0001116132,Consumer Discretionary,True,sp500_exact,False,False
7afa3ca2-511b-4dba-bce7-e75f2299c8ae,Targa Resources,energy,True,TRGP,0001389170,Energy,True,sp500_exact,False,False
a85d3395-6bab-442a-8168-582ee2391e43,Target Corporation,consumer-staples,True,TGT,0000027419,Consumer Staples,True,sp500_exact,False,False
73c80c1d-a8ae-4e69-969f-2954070824aa,Teledyne Technologies,technology,True,TDY,0001094285,Information Technology,True,sp500_exact,False,False
bd16ebcc-f22a-426b-baad-91467d4f0971,Teradyne,technology,True,TER,0000097210,Information Technology,True,sp500_exact,False,False
781152cd-cf87-419b-9fa8-b5ec42813059,Tesla Inc.,consumer-discretionary,True,TSLA,0001318605,Consumer Discretionary,True,sp500_exact,False,False
82b0bc26-a6a5-4ed1-a3e0-3925ee54ece2,Texas Instruments,technology,True,TXN,0000097476,Information Technology,True,sp500_exact,False,False
fa2bfcde-a160-49de-abde-5553006d9390,Texas Pacific Land Corporation,energy,True,TPL,0001811074,Energy,True,sp500_exact,False,False
922642d8-49ac-48c8-bf51-d564b590b642,Textron,industrials,True,TXT,0000217346,Industrials,True,sp500_exact,False,False
5797e1ef-bd8f-4afb-872f-25c2ba5ef499,Thermo Fisher Scientific,healthcare,True,TMO,0000097745,Health Care,True,sp500_exact,False,False
7532f224-82a1-42cb-85b8-174b7c27c0e9,Tractor Supply,consumer-discretionary,True,TSCO,0000916365,Consumer Discretionary,True,sp500_exact,False,False
24df631c-bd7b-4505-900f-db1d9a86c7ed,Trade Desk,communication-services,True,TTD,0001671933,Communication Services,True,sp500_exact,False,False
d5a7f9c2-f43a-4cc2-a909-5c930fcc79a2,Trader Joe's,retail,True,,,,False,private:private,False,False
6843afdf-f296-416f-a273-87c2a5234440,Trane Technologies,industrials,True,TT,0001466258,Industrials,True,sp500_exact,False,False
7fe61b90-d3d1-4d6e-88f3-fd45ddff7ed2,TransDigm Group,industrials,True,TDG,0001260221,Industrials,True,sp500_exact,False,False
a7a89aaf-06b0-4790-b9c4-57aba08ee52e,Travelers Companies,financials,True,TRV,0000086312,Financials,True,sp500_exact,False,False
3d7628b5-5ffa-4c80-a339-963fe5197680,Trimble Inc.,technology,True,TRMB,0000864749,Information Technology,True,sp500_exact,False,False
e9869a1e-3c19-4bc5-bf4f-5594d1bf5be8,Truist Financial,financials,True,TFC,0000092230,Financials,True,sp500_exact,False,False
8de4eb84-3628-4908-bb41-3f3ac5494879,Tyler Technologies,technology,True,TYL,0000860731,Information Technology,True,sp500_exact,False,False
61712fc9-e1c1-4078-b10d-8425bf4d5282,Tyson Foods,consumer-staples,True,TSN,0000100493,Consumer Staples,True,sp500_exact,False,False
3691406b-4015-47ca-9423-d1378188ef77,U.S. Bancorp,financials,True,USB,0000036104,Financials,True,sp500_exact,False,False
e65d17a7-466b-4b73-a7e3-e974b559bef9,UDR Inc.,real-estate,True,UDR,0000074208,Real Estate,True,sp500_exact,False,False
64a61aff-90df-4393-b673-2aa0142a45c6,UPS,industrials,True,UPS,0001090727,Industrials,True,manual,True,False
43f04f02-59bf-4f18-bd1d-0227a779d69b,Uber,industrials,True,UBER,0001543151,Industrials,True,sp500_exact,False,False
91bfb7f7-c2e8-4647-beff-379b846d9902,Ulta Beauty,consumer-discretionary,True,ULTA,0001403568,Consumer Discretionary,True,sp500_exact,False,False
db4b4720-0d32-4a5d-8c30-b57f06a1cdc2,Union Pacific Corporation,industrials,True,UNP,0000100885,Industrials,True,sp500_exact,False,False
9dce1828-1d0c-4fc7-90b0-d228526169ed,United Airlines Holdings,industrials,True,UAL,0000100517,Industrials,True,sp500_exact,False,False
2dfc9ded-d859-4acf-bd30-a6706f1aa970,United Parcel Service,industrials,True,UPS,0001090727,Industrials,True,sp500_exact,True,True
bfa2ee68-d333-4860-b0df-2a721aaa22ba,United Rentals,industrials,True,URI,0001067701,Industrials,True,sp500_exact,False,False
f5a1ed9f-4e8e-405a-a677-6beb35b1a13f,UnitedHealth Group,healthcare,True,UNH,0000731766,Health Care,True,sp500_exact,False,False
23925715-4c43-4502-b792-bf4eec3b4bac,Universal Health Services,healthcare,True,UHS,0000352915,Health Care,True,sp500_exact,False,False
7655bc02-f983-400e-aa88-5caec3846900,Valero Energy,energy,True,VLO,0001035002,Energy,True,sp500_exact,False,False
18b4682d-aa80-484d-8dc1-37c0102cf1cf,Ventas,real-estate,True,VTR,0000740260,Real Estate,True,sp500_exact,False,False
a5899303-f853-41ba-b5b3-705f685e0d6a,Veralto,industrials,True,VLTO,0001967680,Industrials,True,sp500_exact,False,False
315e6add-d839-45d7-bf6b-01a2c1f2cebc,Verisign,technology,True,VRSN,0001014473,Information Technology,True,sp500_exact,False,False
a4085778-4a28-4657-a448-bd4aa7737e8e,Verisk Analytics,industrials,True,VRSK,0001442145,Industrials,True,sp500_exact,False,False
79f07b4b-751b-4763-aa31-23ac9950fe9c,Verizon,communication-services,True,VZ,0000732712,Communication Services,True,sp500_exact,False,False
65b3050c-a3cd-41e7-8b2a-43726b1a8918,Vertex Pharmaceuticals,healthcare,True,VRTX,0000875320,Health Care,True,sp500_exact,False,False
5808e392-455e-4438-becd-88256631769a,Viatris,healthcare,True,VTRS,0001792044,Health Care,True,sp500_exact,False,False
f72fe973-8df1-427c-ae26-b8228e14a735,Vici Properties,real-estate,True,VICI,0001705696,Real Estate,True,sp500_exact,False,False
f46ed11a-1fe4-40d8-9a4f-795a4177b665,Visa Inc.,financials,True,V,0001403161,Financials,True,sp500_exact,False,False
0fbc91de-8984-433f-87b9-64de67e7b771,Vistra Corp.,utilities,True,VST,0001692819,Utilities,True,sp500_exact,False,False
0f9a2d01-e79d-43b2-8c29-9db8ff79c005,Vulcan Materials Company,materials,True,VMC,0001396009,Materials,True,sp500_exact,False,False
cec8f004-e06e-4c4b-9ea4-e440a2a3e2ce,W. R. Berkley Corporation,financials,True,WRB,0000011544,Financials,True,sp500_exact,False,False
d7a58808-928a-47e7-ba27-6ce2d0798040,W. W. Grainger,industrials,True,GWW,0000277135,Industrials,True,sp500_exact,False,False
ae1643aa-f50e-4a94-a492-2034368fce3f,WEC Energy Group,utilities,True,WEC,0000783325,Utilities,True,sp500_exact,False,False
2072080b-d60f-488b-bd2a-4604c7d671ed,Wabtec,industrials,True,WAB,0000943452,Industrials,True,sp500_exact,False,False
8e83e98f-0937-4976-ab3c-91b1747c97b6,Walgreens,retail,True,WBA,,,False,manual,True,False
1cd8d157-2b70-4e7b-bc85-71c04f3d9ee3,Walgreens Boots Alliance,consumer-staples,True,WBA,,,False,manual,True,False
15761d64-5528-4a22-a270-fa1810a5a3cb,Walmart,consumer-staples,True,WMT,0000104169,Consumer Staples,True,sp500_exact,False,False
05c07f77-6f3c-49ad-88fa-e7bf040d8a03,Walt Disney,communication-services,True,DIS,0001744489,Communication Services,True,sp500_exact,True,False
1def4fae-c775-4908-adc1-9d9ee595e2e9,Walt Disney Company,communication-services,True,DIS,0001744489,Communication Services,True,sp500_exact,True,True
8b6904ab-7a8d-4efc-bd2d-0688216e6999,Warner Bros. Discovery,communication-services,True,WBD,0001437107,Communication Services,True,sp500_exact,False,False
6886ae1b-7c26-4e8f-b2dd-2531f002a0c7,Waste Management,industrials,True,WM,0000823768,Industrials,True,sp500_exact,False,False
d2311b53-4585-4bd3-9550-aa2d2a993c44,Waters Corporation,healthcare,True,WAT,0001000697,Health Care,True,sp500_exact,False,False
52d8d6ab-69dc-4ee0-b0fc-4b475f052e8a,Wayfair,retail,True,W,0001616707,,False,sec_exact,False,False
708f7cfd-4b2a-494c-a6b6-f2d8d1bd8fc2,Wegmans,retail,True,,,,False,private:private,False,False
0d735f82-31e7-4025-a57a-812bdee549fb,Wells Fargo,financials,True,WFC,0000072971,Financials,True,sp500_exact,False,False
1cc411c3-a8a1-4f68-ac06-6ac4baafc4a6,Welltower,real-estate,True,WELL,0000766704,Real Estate,True,sp500_exact,False,False
2a435f48-a8f6-40a8-9765-926d77184a43,West Pharmaceutical Services,healthcare,True,WST,0000105770,Health Care,True,sp500_exact,False,False
9a7552e0-c5b0-4d07-ace5-eca399812d87,Western Digital,technology,True,WDC,0000106040,Information Technology,True,sp500_exact,False,False
3dbe08e7-9415-436d-81c6-fcaa97d6a1c9,Weyerhaeuser,real-estate,True,WY,0000106535,Real Estate,True,sp500_exact,False,False
54d4bc20-dd8c-4dcb-bada-7dd67928c688,Whole Foods,retail,True,,,,False,private:subsidiary of Amazon,False,False
ccfa8d25-8c88-4731-8a23-e376e7c49eec,Williams Companies,energy,True,WMB,0000107263,Energy,True,sp500_exact,False,False
33966959-b2d3-48fe-b6b0-b3a7e080fe2a,Williams-Sonoma,retail,True,WSM,0000719955,Consumer Discretionary,True,sp500_exact,True,False
46f9319d-bd6e-462d-bead-16311c8054f9,Williams-Sonoma Inc.,consumer-discretionary,True,WSM,0000719955,Consumer Discretionary,True,sp500_exact,True,True
49f98fc5-a873-4b63-8b43-1e8f3a641c3f,Willis Towers Watson,financials,True,WTW,0001140536,Financials,True,sp500_exact,False,False
a9f22d75-8c66-46e4-ad9c-7ffbc2e9ada9,Workday Inc.,technology,True,WDAY,0001327811,Information Technology,True,sp500_exact,False,False
cdb87aa4-ee1a-466a-838b-1d6ca0134ae1,Wynn Resorts,consumer-discretionary,True,WYNN,0001174922,Consumer Discretionary,True,sp500_exact,False,False
7205b693-cc84-41e2-9ab4-bcff9b9074a8,Xcel Energy,utilities,True,XEL,0000072903,Utilities,True,sp500_exact,False,False
e1488661-0e52-4a17-84f5-53109128e5c5,Xylem Inc.,industrials,True,XYL,0001524472,Industrials,True,sp500_exact,False,False
8945ba5b-a88c-40bc-a5d8-6730ee71bc18,Yum! Brands,consumer-discretionary,True,YUM,0001041061,Consumer Discretionary,True,sp500_exact,False,False
09925322-179b-430d-ba7e-4313e35c7e20,Zebra Technologies,technology,True,ZBRA,0000877212,Information Technology,True,sp500_exact,False,False
124a14b2-0f6c-49e5-b5a3-9c65dbb16e9b,Zimmer Biomet,healthcare,True,ZBH,0001136869,Health Care,True,sp500_exact,False,False
b03fee46-127c-4851-878c-6e99cd2f6dda,Zoetis,healthcare,True,ZTS,0001555280,Health Care,True,sp500_exact,False,False
bb6667f9-4449-45d9-90b1-f6f3db275dfc,eBay Inc.,consumer-discretionary,True,EBAY,0001065088,Consumer Discretionary,True,sp500_exact,False,False
,Alphabet Inc. (Class C),,False,GOOG,0001652044,Communication Services,True,sp500_fill_in,False,True
,AppLovin,,False,APP,0001751008,Information Technology,True,sp500_fill_in,False,False
,Ares Management,,False,ARES,0001176948,Financials,True,sp500_fill_in,False,False
,Brown–Forman,,False,BF.B,0000014693,Consumer Staples,True,sp500_fill_in,False,True
,Carvana,,False,CVNA,0001690820,Consumer Discretionary,True,sp500_fill_in,False,False
,Casey's,,False,CASY,0000726958,Consumer Staples,True,sp500_fill_in,False,False
,Ciena,,False,CIEN,0000936395,Information Technology,True,sp500_fill_in,False,False
,Coherent Corp.,,False,COHR,0000820318,Information Technology,True,sp500_fill_in,False,False
,Comfort Systems USA,,False,FIX,0001035983,Industrials,True,sp500_fill_in,False,False
,CRH plc,,False,CRH,0000849395,Materials,True,sp500_fill_in,False,False
,EchoStar,,False,SATS,0001415404,Communication Services,True,sp500_fill_in,False,False
,Emcor,,False,EME,0000105634,Industrials,True,sp500_fill_in,False,False
,FedEx Freight,,False,FDXF,0002082247,Industrials,True,sp500_fill_in,False,False
,Fox Corporation (Class B),,False,FOX,0001754301,Communication Services,True,sp500_fill_in,False,True
,Interactive Brokers,,False,IBKR,0001381197,Financials,True,sp500_fill_in,False,False
,Lumentum,,False,LITE,0001633978,Information Technology,True,sp500_fill_in,False,False
,News Corp (Class B),,False,NWS,0001564708,Communication Services,True,sp500_fill_in,False,True
,Qnity Electronics,,False,Q,0002058873,Information Technology,True,sp500_fill_in,False,False
,Robinhood Markets,,False,HOOD,0001783879,Financials,True,sp500_fill_in,False,False
,Sandisk,,False,SNDK,0002023554,Information Technology,True,sp500_fill_in,False,False
,Veeva Systems,,False,VEEV,0001393052,Health Care,True,sp500_fill_in,False,False
,Vertiv,,False,VRT,0001674101,Industrials,True,sp500_fill_in,False,False
